city_code,都道府県,市,総人口,総人口_rank,15歳未満人口,15歳未満人口_rank,15～64歳人口,15～64歳人口_rank,65歳以上人口,65歳以上人口_rank,外国人人口,外国人人口_rank,昼間人口,昼間人口_rank,総世帯数,総世帯数_rank,一般世帯数,一般世帯数_rank,核家族世帯数,核家族世帯数_rank,単独世帯数,単独世帯数_rank,図書館数,図書館数_rank,１住宅当たり延べ面積,１住宅当たり延べ面積_rank,ごみのリサイクル率,ごみのリサイクル率_rank,一般病院数,一般病院数_rank,一般診療所数,一般診療所数_rank,歯科診療所数,歯科診療所数_rank,医師数,医師数_rank,歯科医師数,歯科医師数_rank,薬剤師数,薬剤師数_rank,介護老人福祉施設数,介護老人福祉施設数_rank,児童福祉施設等数（助産施設・児童遊園を除く）,児童福祉施設等数（助産施設・児童遊園を除く）_rank,保育所等数,保育所等数_rank,保育所等在所児数,保育所等在所児数_rank,通勤時間,通勤時間_rank,インターネット回答率,インターネット回答率_rank,生活サービスの徒歩圏カバー率,生活サービスの徒歩圏カバー率_rank
1100,北海道,札幌市,1959313,4,221013,4,1235516,4,483534,4,8820,41,1959740,4,921837,4,920415,4,493644,4,375242,5,11,34,80.3,212,27.3,51,178,1,1351,7,1229,4,6614,4,2113,5,5398,4,64,5,480,5,287,5,26613,6,25.9,145,38.3,170,66.6,32
1202,北海道,函館市,255308,104,27131,122,152154,102,85931,73,771,252,273408,101,123950,90,123651,90,66690,89,48247,79,1,248,89.82,165,15.1,198,28,40,210,107,129,118,801,91,183,118,680,97,16,66,84,73,49,101,3524,144,17.7,26,29.6,255,64.2,37
1203,北海道,小樽市,114425,251,11171,287,65317,264,45240,156,411,278,124293,217,55466,205,55299,206,31709,212,19911,178,1,248,95.76,130,16.8,176,12,118,83,233,78,173,322,178,102,189,326,177,3,276,29,234,22,229,1370,281,18.5,33,25.2,270,55.7,81
1204,北海道,旭川市,334070,76,37173,82,191423,82,106444,50,613,265,341732,76,155747,64,155218,64,88393,64,57488,65,5,106,95.63,131,22.8,89,36,27,240,91,175,81,1339,45,254,85,867,70,20,42,99,58,67,66,5715,81,17.0,22,33.4,227,47.8,104
1206,北海道,釧路市,168086,164,19400,179,101909,162,52867,128,440,275,175733,148,82078,137,81846,137,45098,145,31697,124,2,210,85.08,192,19.0,147,15,91,81,242,91,149,357,165,107,183,347,172,9,142,50,142,26,201,1701,268,14.1,6,28.8,262,47.8,104
1207,北海道,帯広市,166043,166,20566,167,103890,157,44636,158,524,270,175954,146,77707,147,77525,147,42823,153,29720,130,1,248,91.86,153,25.5,61,18,75,103,189,97,142,493,133,138,143,395,152,7,183,37,193,31,167,2774,180,13.9,5,30.9,245,50.8,91
1208,北海道,北見市,116630,245,13570,271,70781,237,36437,208,283,286,121080,224,56202,201,56043,201,31420,213,21103,169,9,47,94.5,136,19.3,139,12,118,65,273,54,255,226,233,79,242,212,254,10,125,41,176,25,208,1446,279,11.7,1,30.2,249,31.7,176
1213,北海道,苫小牧市,171242,158,22401,154,105217,154,44469,159,405,280,173151,150,78298,145,78145,145,45158,144,28681,132,1,248,85.48,188,30.8,34,11,130,92,212,79,171,332,177,111,173,299,194,8,166,30,228,24,217,1979,246,18.0,29,35.3,207,47.5,107
1217,北海道,江別市,119580,232,13524,272,74253,223,32585,230,391,282,108051,247,51983,220,51905,220,32310,205,16659,204,4,127,100.84,104,24.7,71,5,233,68,267,69,192,185,263,85,229,173,279,4,261,17,278,10,283,900,287,24.4,131,40.4,120,40.8,132
2201,青森県,青森市,281232,90,32528,98,168992,94,80297,80,737,254,291843,95,118234,96,117852,96,64486,96,38418,102,2,210,112.17,34,16.4,179,16,85,219,104,139,105,668,107,189,115,673,98,13,91,114,47,87,44,6329,69,20.0,51,34.4,219,46.3,111
2202,青森県,弘前市,170212,160,19410,178,105062,156,51830,132,470,272,190230,139,71152,157,70913,158,35028,183,24554,152,4,127,114.23,27,9.9,255,11,130,166,125,96,143,789,92,156,134,441,139,11,113,97,60,65,70,4795,103,19.0,36,34.4,219,45.3,115
2203,青森県,八戸市,227812,121,28122,116,136712,123,63614,107,693,258,241823,116,93750,123,93519,123,52839,118,28681,132,3,167,103.8,78,13.2,225,17,78,163,132,99,138,540,125,149,137,415,144,8,166,93,64,74,55,5706,82,16.5,18,37.9,176,33.6,174
3201,岩手県,盛岡市,288470,87,36828,83,182979,86,73729,90,1126,226,314704,83,129718,87,129420,87,66640,90,49931,72,4,127,92.38,152,16.7,177,24,49,258,81,202,68,1240,51,469,38,862,74,18,56,123,39,65,70,6073,75,19.9,49,40.1,124,50.4,94
3209,岩手県,一関市,115426,248,13750,267,67024,256,40468,180,695,257,121401,222,43046,264,42905,264,21007,284,11055,267,8,54,137.3,7,15.0,201,9,155,81,242,52,260,209,246,69,267,193,267,13,91,40,181,33,159,2533,205,15.7,13,33.1,233,13.6,249
3215,岩手県,奥州市,116082,246,14400,251,66315,259,38526,192,411,278,115443,235,41726,269,41593,269,21326,283,10117,274,4,127,133.23,10,11.3,246,8,170,90,218,51,264,205,249,78,244,190,270,11,113,44,164,32,164,2810,177,17.5,24,36.8,189,14.9,246
4100,宮城県,仙台市,1064060,11,129309,11,674873,11,234360,13,8898,38,1148389,11,498953,11,498257,11,240648,12,215236,10,8,54,78.31,221,17.7,167,48,15,905,12,594,13,3677,11,1237,7,3348,12,48,14,372,8,186,12,16757,13,26.5,150,38.0,174,28.7,190
4202,宮城県,石巻市,142638,194,16911,215,85018,197,44248,160,682,261,151378,178,56819,200,56712,200,29467,232,16938,199,1,248,108.07,55,13.6,221,6,210,95,204,64,208,314,184,85,229,265,213,14,82,46,154,37,143,2227,227,21.9,85,29.4,258,13.5,250
4215,宮城県,大崎市,129444,217,17120,214,79834,213,35915,212,643,264,129985,207,48307,235,48187,236,24632,269,13135,246,1,248,114.79,23,7.2,262,12,118,81,242,51,264,311,186,72,261,268,211,5,236,54,128,31,167,2721,186,20.7,64,34.0,222,6.4,270
5201,秋田県,秋田市,307403,83,34916,86,186207,84,88713,68,1145,220,329561,80,135318,84,135018,84,74097,79,47053,80,8,54,103.21,81,22.3,97,16,85,278,73,168,87,1227,53,242,88,857,76,20,42,125,38,68,63,6490,67,18.6,35,36.2,197,19.6,223
6201,山形県,山形市,244998,109,31869,102,151271,105,68745,96,1037,232,271056,102,100303,113,100121,113,52114,119,32957,120,6,83,110.73,39,17.9,161,13,109,251,88,143,100,1200,55,206,102,716,92,15,72,69,95,53,89,5246,92,19.2,39,39.9,129,15.0,245
6203,山形県,鶴岡市,125500,220,15347,241,72430,232,41303,175,518,271,130369,206,45339,251,45198,251,21590,281,11790,260,6,83,140.75,5,12.1,238,6,210,110,183,51,264,228,232,74,254,206,258,12,101,48,145,40,133,3358,148,13.5,2,36.0,199,15.1,243
6204,山形県,酒田市,101331,280,12168,283,59168,283,34518,219,432,276,110425,245,39320,279,39198,279,19843,286,10600,269,5,106,138.48,6,15.9,186,4,254,98,198,47,277,267,211,73,257,202,262,9,142,36,198,34,155,2791,178,15.0,11,32.1,241,23.2,213
7201,福島県,福島市,277133,92,34412,89,175079,89,80252,81,1380,200,303625,88,122269,91,121565,93,64167,99,42374,94,4,127,98.62,117,9.3,260,15,91,256,83,142,102,1139,60,200,106,691,96,17,59,68,97,45,111,3955,127,20.9,70,35.4,204,31.7,176
7202,福島県,会津若松市,118322,237,15681,238,72042,233,34914,215,551,269,131156,201,49431,232,49322,232,25075,267,16273,210,1,248,105.04,65,14.4,210,7,191,90,218,57,240,343,173,91,218,309,189,6,209,32,216,20,240,2350,215,17.8,27,30.8,246,48.6,100
7203,福島県,郡山市,322996,78,41865,75,204785,77,81853,78,1559,193,352462,69,138310,78,138082,78,70267,83,49315,75,18,11,100.14,106,10.1,252,19,69,235,94,168,87,836,86,433,44,829,82,15,72,60,119,42,124,3633,143,20.8,66,32.6,236,29.4,186
7204,福島県,いわき市,321535,80,42404,72,204962,76,98323,61,1517,195,344385,75,141069,77,140328,77,76050,78,44276,88,6,83,102.17,93,22.4,94,21,59,254,84,164,90,583,115,207,101,719,91,15,72,61,112,55,83,5197,95,21.7,82,30.8,246,24.3,208
8201,茨城県,水戸市,271912,95,34839,87,163039,98,66236,101,2492,130,301513,90,117590,97,117337,97,64455,98,42991,91,7,68,93.03,147,18.7,151,25,46,236,92,175,81,717,102,225,95,746,87,19,50,66,104,51,94,4778,104,23.9,124,39.4,147,48.4,102
8202,茨城県,日立市,177769,152,21621,162,108148,150,53977,120,1198,215,198752,129,78625,143,78539,143,46679,136,25476,144,4,127,101.48,96,18.5,154,12,118,112,181,78,173,315,183,109,177,350,171,11,113,28,238,26,201,2162,228,24.9,137,34.9,212,40.4,136
8203,茨城県,土浦市,142030,198,17312,210,85252,196,37562,199,2534,129,154735,175,57257,198,57134,198,32798,201,18071,189,5,106,97.69,122,26.1,56,6,210,108,184,84,161,450,137,124,154,414,145,11,113,38,188,25,208,1858,257,21.8,84,41.8,92,30.4,181
8204,茨城県,古河市,142992,193,17562,204,87054,191,35974,210,1931,166,131709,198,52571,218,52504,218,30934,218,13588,239,2,210,102.28,91,16.3,180,7,191,76,254,65,205,204,250,113,169,223,246,10,125,26,243,25,208,2046,241,21.6,80,35.8,201,16.9,234
8217,茨城県,取手市,107097,271,11555,286,61423,276,33380,225,1133,223,92789,274,43477,262,43433,262,28130,245,11497,263,2,210,99.64,108,24.0,79,8,170,57,284,55,248,189,259,68,269,174,277,9,142,19,272,18,254,1633,274,43.7,237,40.1,124,55.2,82
8220,茨城県,つくば市,237653,113,31448,104,139739,119,40999,176,6131,53,244164,115,98190,117,98057,117,45312,143,41225,97,1,248,97.25,124,17.8,162,11,130,184,116,125,124,1317,46,212,99,1599,29,12,101,81,78,56,81,5690,83,23.1,110,41.3,102,18.7,226
8221,茨城県,ひたちなか市,158660,174,22079,158,96086,170,37127,206,980,239,150287,179,61104,180,61019,180,38772,169,16406,206,3,167,103.96,77,15.9,186,6,210,86,228,69,192,193,257,78,244,243,227,4,261,22,262,21,233,2664,189,23.4,115,40.9,113,23.8,209
8227,茨城県,筑西市,104059,273,12759,280,62316,271,29178,249,1511,196,99967,266,35683,285,35613,285,19619,287,7682,285,2,210,123.34,16,12.8,232,5,233,81,242,57,240,122,280,82,236,173,279,7,183,23,257,21,233,2071,236,23.7,119,37.6,178,13.1,252
9201,栃木県,宇都宮市,521754,34,70889,30,327930,32,119000,41,5278,61,537708,35,217419,36,217163,36,123068,37,73337,48,6,83,95.83,128,16.2,183,26,43,429,36,305,36,1046,65,435,43,1213,50,28,26,106,54,74,55,8015,48,24.0,126,36.8,189,15.2,242
9202,栃木県,足利市,147442,188,17432,207,86168,193,45047,157,2855,115,145052,183,60186,182,60036,182,35562,178,17381,196,1,248,104.54,72,13.0,228,9,155,105,187,89,153,298,191,112,171,308,190,9,142,40,181,30,176,2836,173,21.5,79,39.5,143,8.9,262
9203,栃木県,栃木市,159951,173,18963,185,94138,175,45706,151,2558,127,153545,176,57838,196,57757,196,33560,194,13714,237,6,83,115.4,20,18.1,160,5,233,127,157,80,169,195,255,97,205,235,235,12,101,37,193,26,201,2514,208,22.9,105,35.7,202,9.3,261
9204,栃木県,佐野市,117968,238,14364,254,70826,236,33079,227,1744,176,118326,229,46390,240,46301,241,27047,252,12664,251,3,167,104.97,68,13.7,220,4,254,99,196,63,210,190,258,71,263,204,260,7,183,39,186,25,208,1929,253,19.3,41,37.5,180,15.5,241
9208,栃木県,小山市,167505,165,22523,153,105124,155,37162,205,4389,73,166882,159,65792,168,65698,168,36521,174,20498,173,3,167,99.96,107,19.4,137,7,191,120,167,83,162,213,244,127,150,252,218,8,166,43,168,40,133,2599,196,22.3,94,38.8,156,1.9,280
9213,栃木県,那須塩原市,117458,241,15836,232,71997,234,27944,257,1597,190,110886,244,45608,248,45540,248,25444,264,13341,244,3,167,105.37,63,11.9,241,6,210,60,280,52,260,200,251,73,257,185,271,6,209,34,210,28,186,2574,198,16.2,15,38.1,173,10.1,259
10201,群馬県,前橋市,336115,74,41961,74,196034,80,91143,66,3213,102,351420,70,136900,79,136591,79,79245,75,42870,92,18,11,103.15,82,21.4,108,19,69,336,58,196,71,1581,37,305,74,864,73,24,30,81,78,68,63,7052,58,22.9,105,47.3,30,31.2,180
10202,群馬県,高崎市,373114,64,49298,62,221228,65,97466,62,3369,101,377656,61,150180,68,149835,68,89505,63,45930,83,7,68,98.91,114,12.9,229,26,43,348,54,201,69,815,87,312,72,845,80,26,27,96,61,83,48,7901,49,23.2,111,43.0,77,35.1,163
10203,群馬県,桐生市,110122,266,12062,284,64314,266,38078,196,1271,207,112539,242,46034,244,45938,244,26762,255,13434,241,2,210,102.29,90,9.7,257,7,191,103,189,78,173,222,235,100,193,209,257,13,91,30,228,27,194,2372,212,20.4,57,40.0,127,25.0,205
10204,群馬県,伊勢崎市,213366,127,29540,111,128354,127,49221,140,8889,39,205094,125,80110,139,79950,139,47838,129,22165,163,4,127,104.2,74,10.5,250,8,170,149,143,95,144,418,144,132,146,379,161,14,82,53,132,44,115,5569,84,23.3,113,43.8,65,18.3,229
10205,群馬県,太田市,224415,123,31912,101,133417,124,53309,125,7345,47,235686,118,86267,129,86103,129,51006,122,25304,146,4,127,105.34,64,17.5,170,9,155,152,138,113,131,391,154,185,117,400,151,16,66,63,110,41,129,5202,94,20.2,56,43.2,74,8.9,262
11100,埼玉県,さいたま市,1314145,9,164722,9,799279,9,284138,8,13776,24,1175579,10,533209,9,532462,9,320436,9,178245,13,24,3,82.98,200,23.7,82,33,31,918,11,681,11,2304,22,986,15,3606,9,56,9,314,10,193,11,17104,12,48.6,257,43.4,71,36.7,152
11201,埼玉県,川越市,353301,68,44231,69,216977,66,87358,70,4375,75,338663,78,145715,74,145563,74,87172,68,47027,81,4,127,87.32,176,23.1,87,20,65,200,112,182,80,860,81,266,81,965,64,12,101,65,105,50,99,4180,120,41.9,229,41.1,105,6.3,271
11202,埼玉県,熊谷市,196829,134,23986,142,122319,131,52007,131,2247,144,194578,133,77004,148,76876,148,47653,130,20831,172,6,83,103.25,80,21.2,111,10,145,155,135,110,134,333,175,162,127,477,132,14,82,61,112,38,139,3352,149,29.1,167,38.0,174,1.2,283
11203,埼玉県,川口市,607105,27,74476,29,369270,28,129410,31,20527,13,473778,43,245830,31,245502,31,141573,28,84324,42,7,68,76.14,237,22.7,91,19,69,311,65,284,42,815,87,353,55,858,75,30,23,134,32,93,34,7487,54,48.4,255,38.5,160,38.1,144
11208,埼玉県,所沢市,344233,72,39480,81,207941,72,85215,74,2809,117,293197,93,145834,73,145724,73,87861,66,48332,78,8,54,79.71,214,29.0,42,21,59,216,106,166,89,853,83,244,87,702,94,15,72,87,68,55,83,4875,100,48.7,259,41.4,100,0.3,284
11210,埼玉県,加須市,113043,258,13510,273,69647,243,28991,252,1039,231,103876,263,41034,274,40972,274,26432,257,8845,281,4,127,108.96,50,38.7,18,4,254,53,285,47,277,83,286,66,273,167,283,11,113,31,221,23,221,2057,239,24.1,127,41.9,90,0.0,285
11214,埼玉県,春日部市,234137,115,26611,126,139656,120,64924,104,2400,135,192794,135,94463,121,94379,121,60264,104,26192,140,3,167,85.34,189,21.1,114,11,130,125,159,112,133,351,167,157,133,509,124,14,82,36,198,29,183,2572,200,38.7,223,39.8,133,2.8,276
11215,埼玉県,狭山市,150719,183,17132,213,91010,181,43489,166,1651,184,144617,185,62028,177,61938,177,39936,162,17568,194,2,210,85.68,184,32.2,29,9,155,77,252,71,188,284,199,98,201,322,181,8,166,34,210,25,208,2233,226,28.7,163,41.0,110,25.8,202
11217,埼玉県,鴻巣市,118395,236,14096,258,72869,230,30968,239,1146,219,94392,272,45043,253,44996,253,30400,223,10417,272,3,167,99.0,112,27.6,48,3,269,69,264,59,232,103,284,78,244,180,274,10,125,35,204,18,254,1845,258,37.2,211,50.7,8,40.8,132
11218,埼玉県,深谷市,143219,192,18574,191,87536,190,37423,203,2111,156,135309,195,53384,216,53282,216,33495,195,12868,248,4,127,109.0,48,22.8,89,8,170,92,212,63,210,220,237,83,234,253,216,14,82,44,164,36,146,3187,158,25.6,140,43.7,67,6.5,269
11219,埼玉県,上尾市,228779,120,28557,115,137664,121,57052,117,2081,159,186208,141,91399,126,91330,126,59618,106,25453,145,9,47,87.69,171,20.3,127,4,254,114,178,94,145,361,164,158,131,458,136,9,142,55,126,35,152,2629,192,44.2,238,46.6,36,55.0,83
11221,埼玉県,草加市,249645,108,30223,106,150966,107,57807,114,4204,79,207551,124,105827,107,105737,107,60669,103,36599,107,1,248,75.81,239,19.1,144,6,210,124,161,122,126,270,207,152,135,332,174,6,209,51,139,31,167,2606,194,45.0,241,35.4,204,0.0,285
11222,埼玉県,越谷市,344528,71,44429,68,211577,71,80330,79,4152,81,294715,91,136460,80,136363,80,84966,71,40065,98,1,248,86.65,181,15.1,198,13,109,188,113,172,85,745,99,241,89,713,93,9,142,68,97,41,129,4196,118,51.2,271,41.6,97,3.3,275
11224,埼玉県,戸田市,140642,201,19758,176,89730,186,21764,283,3843,89,124326,216,59432,189,59243,190,32306,206,22587,159,5,106,66.93,265,18.5,154,5,233,85,230,60,224,253,219,91,218,323,179,6,209,47,148,33,159,2832,175,47.1,251,39.5,143,54.0,86
11225,埼玉県,入間市,147727,186,18610,190,91488,178,38075,197,1337,203,128313,209,59004,194,58951,193,39294,167,15276,222,4,127,89.72,166,22.5,92,7,191,65,273,68,195,116,282,93,211,214,253,7,183,30,228,25,208,2111,230,27.8,159,46.2,40,4.6,272
11227,埼玉県,朝霞市,141802,200,18751,188,90480,182,25398,272,2419,134,112517,243,59515,188,59437,188,34266,188,21645,165,2,210,68.93,256,34.1,26,3,269,73,258,68,195,176,266,102,189,259,215,4,261,52,136,35,152,2535,204,48.8,262,34.9,212,1.9,280
11230,埼玉県,新座市,165727,167,21855,160,100397,164,39311,185,2154,152,138995,190,67250,166,67194,166,42793,154,20226,176,2,210,79.58,215,26.2,55,6,210,69,264,57,240,174,268,76,250,249,221,5,236,46,154,29,183,2562,201,48.9,263,39.8,133,13.8,248
11232,埼玉県,久喜市,153066,179,17818,200,93672,176,40589,177,1753,174,137812,191,59082,192,59035,192,38935,168,14289,231,5,106,98.74,116,30.8,34,6,210,76,254,91,149,238,229,123,156,303,192,8,166,30,228,23,221,2059,238,32.8,190,43.7,67,2.8,276
11235,埼玉県,富士見市,111620,262,13984,261,67166,255,25897,268,1215,212,79986,286,47169,239,47141,239,27122,249,17110,198,3,167,72.97,244,25.2,65,5,233,65,273,54,255,160,271,79,242,233,239,5,236,26,243,18,254,1581,276,51.5,272,37.0,186,4.4,273
11237,埼玉県,三郷市,142529,196,17491,206,84593,198,34357,220,2912,112,120735,225,55288,207,55230,207,35180,181,15580,219,3,167,82.36,203,14.8,203,6,210,66,270,61,221,208,247,93,211,310,188,6,209,28,238,20,240,2022,244,43.1,235,40.5,118,3.8,274
11239,埼玉県,坂戸市,101026,282,12931,279,61664,275,26642,264,1585,191,93960,273,42883,265,42846,265,25229,266,14287,232,3,167,85.14,191,28.7,44,5,233,64,278,48,275,96,285,330,64,247,224,3,276,22,262,10,283,970,286,28.8,165,42.6,84,31.7,176
11245,埼玉県,ふじみ野市,114306,253,15152,243,68532,253,27211,261,1711,179,91413,277,45806,245,45774,245,28993,236,13981,236,2,210,78.12,225,28.3,46,3,269,69,264,50,268,110,283,81,239,177,276,3,276,25,248,20,240,2045,242,52.6,281,39.9,129,2.7,278
12100,千葉県,千葉市,972516,12,122062,12,597580,12,238213,12,16506,15,951528,13,417857,14,416827,14,251089,11,140014,17,15,17,82.12,206,32.6,28,42,16,686,17,554,15,2813,17,980,16,2653,15,44,15,212,15,158,14,13912,17,40.1,225,40.8,114,65.0,36
12203,千葉県,市川市,490192,37,49931,60,284939,40,104735,55,6479,52,395940,57,228845,34,228569,34,114458,40,92894,34,6,83,69.05,254,19.3,139,11,130,311,65,269,46,732,100,377,51,844,81,10,125,98,59,84,47,6884,61,49.3,265,34.5,217,73.3,19
12204,千葉県,船橋市,642938,26,82258,24,391731,26,142446,26,11074,30,524471,36,272432,28,272028,28,160380,26,96335,33,4,127,78.18,224,20.6,123,19,69,345,56,325,34,914,73,476,37,1562,30,23,31,130,35,91,40,10316,31,51.7,274,40.6,117,74.8,16
12206,千葉県,木更津市,135617,207,17688,201,80841,210,34730,216,1671,181,131104,202,54920,208,54827,208,32046,209,17399,195,1,248,102.27,92,21.5,106,10,145,91,216,62,217,318,180,102,189,298,195,10,125,20,267,16,266,1821,259,23.6,118,41.1,105,35.2,162
12207,千葉県,松戸市,498473,36,56055,45,296656,36,121666,38,9063,37,396635,55,215627,37,215322,37,122358,38,80065,43,21,6,77.68,232,23.6,83,17,78,282,71,266,48,850,84,732,21,1143,56,21,38,68,97,63,72,6538,66,52.7,282,39.6,142,78.9,10
12208,千葉県,野田市,154373,178,19075,184,91030,180,42678,168,1638,186,144018,186,59712,187,59638,187,37546,172,15727,217,4,127,104.83,70,28.0,47,5,233,79,250,80,169,198,252,122,157,301,193,9,142,24,255,16,266,1736,265,30.7,182,42.9,80,35.8,160
12211,千葉県,成田市,132735,212,18347,196,83806,201,27531,259,2755,120,162211,165,55462,206,55371,205,28836,237,21053,170,3,167,90.89,159,12.1,238,4,254,82,238,65,205,311,186,93,211,329,176,9,142,25,248,23,221,2331,219,29.9,175,40.5,118,36.3,155
12212,千葉県,佐倉市,175045,154,20505,169,102334,159,49464,139,1836,169,143486,187,68696,164,68624,164,46971,134,16494,205,4,127,103.06,84,20.7,121,6,210,118,172,92,147,405,148,120,161,468,134,11,113,31,221,25,208,1958,247,34.3,195,45.6,45,58.6,69
12216,千葉県,習志野市,173885,156,22309,156,107781,152,37455,201,2542,128,153146,177,72350,156,72308,156,43971,150,24633,150,5,106,76.98,236,22.4,94,5,233,101,192,100,137,321,179,141,142,437,140,5,236,22,262,19,248,2085,234,51.8,275,44.3,53,73.0,21
12217,千葉県,柏市,424920,50,52766,51,255018,50,99189,60,5153,64,374159,62,175691,55,175469,55,105651,49,58724,62,18,11,89.54,167,20.3,127,16,85,247,89,211,66,1025,66,324,65,977,62,17,59,72,90,58,76,6133,73,55.2,286,41.5,98,63.7,39
12219,千葉県,市原市,275385,93,32976,96,167270,95,70814,94,3818,91,257856,109,113518,102,113284,102,66332,93,36152,110,1,248,98.29,119,18.3,158,11,130,155,135,127,122,504,131,165,123,480,131,15,72,33,214,27,194,2488,209,27.6,155,36.4,194,26.0,200
12220,千葉県,流山市,195476,135,24745,137,106813,153,41953,172,1702,180,130524,205,70802,161,70733,161,46896,135,19273,183,7,68,92.44,150,22.3,97,5,233,95,204,87,157,220,237,122,157,311,187,9,142,46,154,38,139,4193,119,55.6,287,49.2,15,70.0,27
12221,千葉県,八千代市,199786,133,27283,121,118963,135,46873,147,3571,96,167277,158,78358,144,78280,144,50961,123,22428,162,5,106,85.67,185,20.7,121,6,210,122,163,118,130,384,157,152,135,412,146,9,142,27,242,23,221,2248,224,48.6,257,39.8,133,75.7,14
12222,千葉県,我孫子市,132183,214,16072,226,77445,214,37579,198,1199,214,104090,262,54089,212,54042,212,35608,177,14908,226,3,167,99.54,109,23.2,85,8,170,77,252,72,187,150,275,99,197,237,234,6,209,19,272,18,254,1815,260,52.0,278,41.7,96,69.0,29
12224,千葉県,鎌ケ谷市,109954,267,13793,264,65442,263,29115,250,997,236,84731,282,44101,257,44072,256,28772,238,12164,255,1,248,86.83,178,21.2,111,5,233,60,280,60,224,175,267,81,239,215,252,7,183,15,284,9,287,1107,285,51.8,275,38.5,160,69.9,28
12227,千葉県,浦安市,170169,161,23336,148,113576,146,25836,269,2869,114,157727,170,74229,151,74203,151,40373,161,30516,127,8,54,71.6,248,18.3,158,5,233,103,189,89,153,581,116,124,154,356,170,4,261,28,238,25,208,2761,182,46.3,248,43.6,69,70.9,26
12231,千葉県,印西市,103513,276,13825,263,59599,280,18943,287,1118,228,80467,285,32590,287,32551,287,23417,275,5756,287,6,83,112.79,32,25.8,59,2,283,49,287,36,286,270,207,51,285,193,267,6,209,18,276,16,266,1645,272,53.9,284,49.6,11,34.7,167
13102,東京都,  中央区,168361,163,16798,216,101311,163,22694,282,4691,69,608603,26,79272,140,79256,140,33235,198,43377,89,5,106,54.78,284,-1000.0,266,4,254,554,25,446,20,1420,41,609,25,4245,8,4,261,54,128,44,115,3510,145,25.8,143,20.8,276,61.0,45
13103,東京都,  港区,260379,101,30012,107,170255,91,42694,167,17118,14,940785,14,130562,86,130487,86,56229,112,66932,52,9,47,66.47,266,-1000.0,266,13,109,744,14,583,14,2895,16,810,19,3436,11,8,166,64,108,47,107,4248,113,25.8,143,17.1,281,61.0,45
13104,東京都,  新宿区,348452,70,27060,123,232488,60,65274,102,30506,6,775549,19,204989,42,204547,42,64484,97,132644,19,11,34,52.63,286,-1000.0,266,14,98,606,21,424,23,4562,9,766,20,2931,14,6,209,79,82,51,94,5023,97,30.6,181,12.9,284,61.0,45
13105,東京都,  文京区,226114,122,23478,146,146424,112,41946,173,6634,51,346132,74,120858,94,120753,94,47391,132,69076,51,10,42,61.85,276,-1000.0,266,9,155,269,78,248,53,4744,8,1038,13,1872,22,5,236,71,92,52,92,3668,142,33.3,191,18.9,279,61.0,45
13106,東京都,  台東区,202431,130,17601,203,131798,125,46590,148,13795,23,303931,87,112117,103,109302,105,42383,156,61540,60,4,127,61.16,278,-1000.0,266,7,191,236,92,233,58,437,140,321,68,587,112,8,166,44,164,29,183,2313,221,34.2,194,12.6,286,61.0,45
13107,東京都,  墨田区,274896,94,26607,127,169311,93,58196,113,8624,42,279181,100,130862,85,130678,85,59382,107,62886,56,4,127,58.98,280,-1000.0,266,14,98,228,100,194,72,696,106,257,84,631,105,9,142,83,76,55,83,4860,101,35.2,198,29.2,259,61.0,45
13108,東京都,  江東区,521835,33,62350,37,327546,33,105036,54,21373,12,608532,27,243708,32,243575,32,127073,32,106682,29,11,34,61.36,277,-1000.0,266,18,75,409,43,290,39,1281,48,391,48,1214,49,14,82,130,35,104,30,10123,34,36.6,206,29.5,257,61.0,45
13109,東京都,  品川区,401704,56,40415,79,256619,49,78247,83,9259,36,544022,32,212374,39,212286,39,86957,69,116560,24,10,42,56.05,283,-1000.0,266,16,85,447,34,348,32,1487,39,518,34,1943,21,9,142,132,34,87,44,7802,51,33.9,193,32.2,240,61.0,45
13110,東京都,  目黒区,281474,89,28671,114,191610,81,55198,119,6919,50,293832,92,146162,72,146076,72,62731,101,74518,46,8,54,67.55,264,-1000.0,266,9,155,316,63,293,38,1070,64,369,54,849,79,6,209,71,92,43,121,3744,136,38.0,218,27.8,265,61.0,45
13111,東京都,  大田区,734493,19,76485,27,469449,19,158190,24,15271,19,693865,23,371149,15,370734,15,165015,22,189143,12,17,14,62.31,273,-1000.0,266,27,42,593,22,542,16,1852,28,1032,14,1681,26,18,56,168,23,105,29,9892,35,38.2,219,33.2,231,61.0,45
13112,東京都,  世田谷区,917486,14,97019,19,573317,13,184512,18,16217,17,856870,15,463632,12,463351,12,217568,14,231289,9,16,16,68.67,257,-1000.0,266,26,43,874,13,746,9,2070,24,898,18,1979,20,19,50,189,18,151,16,13048,18,45.7,244,18.8,280,61.0,45
13113,東京都,  渋谷区,229671,119,19156,183,148581,108,43899,162,7110,48,539109,33,135749,82,135520,82,44212,149,84941,40,10,42,60.3,279,-1000.0,266,17,78,568,23,423,24,1418,42,541,32,1523,32,7,183,48,145,42,124,3748,135,31.0,184,19.0,278,61.0,45
13114,東京都,  中野区,335234,75,26531,128,223586,64,67709,98,10305,32,313270,84,196132,46,196056,46,66468,92,121396,22,9,47,54.28,285,-1000.0,266,8,170,321,60,250,51,642,111,324,65,787,85,10,125,89,66,52,92,4542,111,38.3,220,24.3,271,61.0,45
13115,東京都,  杉並区,574118,29,54535,48,370649,27,124460,34,9847,33,479975,42,312001,20,311814,20,125219,33,175475,14,13,23,62.09,274,-1000.0,266,20,65,494,30,439,21,919,72,590,26,1128,57,15,72,157,25,91,40,7883,50,45.9,246,28.1,263,61.0,45
13116,東京都,  豊島区,290246,86,23828,143,205853,75,57418,115,22279,10,417146,53,176376,54,176061,54,58499,109,111692,26,7,68,51.85,287,-1000.0,266,14,98,450,33,313,35,747,98,437,42,1257,46,9,142,77,83,49,101,4045,124,37.4,212,25.8,269,61.0,45
13117,東京都,  北区,353908,67,33535,94,216612,68,86840,72,15152,20,329753,79,178379,53,178177,53,79490,74,90061,36,15,17,58.94,281,-1000.0,266,17,78,275,77,243,54,621,112,306,73,1043,59,11,113,109,51,73,57,6728,62,41.9,229,13.1,283,61.0,45
13118,東京都,  荒川区,217146,126,23588,145,137510,122,48930,141,14576,21,194004,134,103101,110,102411,110,48721,126,45529,84,7,68,65.48,270,-1000.0,266,14,98,179,121,138,106,541,124,182,120,489,127,6,209,61,112,44,115,4847,102,38.6,222,12.8,285,61.0,45
13119,東京都,  板橋区,571357,30,59238,40,361101,29,128058,33,15295,18,508099,39,291408,26,291149,26,128771,31,149236,16,12,27,56.97,282,-1000.0,266,41,17,381,51,348,32,2443,19,447,41,1601,28,16,66,175,21,109,24,9618,36,44.9,240,26.8,267,61.0,45
13120,東京都,  練馬区,739435,18,86105,22,472513,18,158290,23,12696,27,605084,29,337987,17,337678,17,181366,16,139563,18,13,23,68.12,259,-1000.0,266,18,75,559,24,448,19,1079,63,579,28,1431,37,30,23,192,17,125,19,11682,23,50.0,268,23.9,272,61.0,45
13121,東京都,  足立区,691298,25,79365,26,416200,24,165151,22,21563,11,608968,25,310662,22,310434,22,162542,24,128406,20,15,17,67.92,260,-1000.0,266,51,13,426,37,374,28,908,74,464,39,1253,47,21,38,184,20,106,28,10178,33,48.0,254,11.3,287,61.0,45
13122,東京都,  葛飾区,464550,43,52325,54,281456,42,109059,49,13139,26,372335,63,201380,44,201186,44,109603,44,79174,44,12,27,69.71,252,-1000.0,266,21,59,358,53,268,47,777,93,335,61,929,66,16,66,137,31,94,32,9292,39,46.7,250,26.3,268,61.0,45
13123,東京都,  江戸川区,700079,23,90730,20,444656,22,139193,28,23997,8,561479,31,309072,25,308862,23,165687,21,125438,21,12,27,67.86,261,-1000.0,266,22,54,421,38,366,30,856,82,550,31,1262,44,17,59,111,50,92,36,10330,30,45.6,243,31.1,243,61.0,45
13201,東京都,八王子市,562480,31,66908,31,355230,31,140909,27,8369,44,576240,30,253356,30,252985,30,138944,29,97692,32,4,127,78.97,216,33.9,27,32,34,374,52,284,42,1129,61,400,47,1520,33,23,31,115,45,94,32,10487,29,42.7,233,39.8,133,19.6,223
13202,東京都,立川市,184090,151,18749,189,101975,161,40378,182,2393,136,201294,126,83285,134,83188,134,39771,164,36519,108,10,42,68.38,258,42.4,10,8,170,158,134,121,127,561,119,183,118,537,117,7,183,47,148,32,164,3336,151,42.7,233,29.8,252,29.7,182
13203,東京都,武蔵野市,146871,189,16237,222,95181,173,30819,241,2136,153,157319,171,74022,152,73960,152,34491,187,36642,106,3,167,63.62,272,39.9,14,8,170,210,107,147,98,491,134,209,100,550,115,6,209,35,204,19,248,1752,263,49.4,266,38.5,160,58.4,70
13204,東京都,三鷹市,188461,144,22255,157,122788,130,38962,187,2741,121,165721,161,90226,127,90093,127,44959,146,41490,96,6,83,69.22,253,39.9,14,6,210,134,148,99,138,968,68,132,146,481,130,4,261,43,168,36,146,2932,166,49.4,266,33.5,225,48.9,99
13205,東京都,青梅市,133032,211,15906,230,82801,203,38660,190,1416,199,124145,218,54371,210,54196,210,33870,190,16166,212,12,27,91.31,155,35.1,21,8,170,85,230,62,217,334,174,82,236,267,212,25,29,36,198,28,186,2873,170,27.7,158,33.4,227,11.4,257
13206,東京都,府中市,260232,102,34287,91,169863,92,53564,123,4389,73,245693,114,119569,95,119435,95,63601,100,50657,70,13,23,67.72,262,40.6,13,13,109,182,118,153,92,877,76,205,103,855,77,7,183,61,112,46,109,4619,108,42.3,232,39.0,153,49.4,98
13207,東京都,昭島市,113397,256,14011,259,69486,244,27445,260,1967,162,101452,265,48258,236,48208,235,28588,240,16672,203,5,106,72.56,246,35.8,19,7,191,67,269,61,221,152,274,99,197,229,242,5,236,26,243,22,229,2761,182,37.7,216,36.3,195,29.4,186
13208,東京都,調布市,237054,114,27647,119,151021,106,48182,142,2960,110,197864,130,110581,104,110450,103,56020,113,49815,73,11,34,66.47,266,43.5,7,6,210,186,114,153,92,302,189,194,110,520,120,7,183,65,105,49,101,4090,122,51.9,277,34.0,222,54.3,85
13209,東京都,町田市,428821,47,55649,46,262725,48,109460,46,4727,68,396333,56,186711,49,186454,49,112484,41,65506,53,8,54,80.86,210,32.2,29,15,91,319,62,228,60,611,113,313,71,975,63,21,38,85,71,71,61,6392,68,50.6,269,38.4,167,36.8,151
13210,東京都,小金井市,122306,225,13787,265,81168,209,24246,277,1796,171,104257,260,59796,186,59692,186,29263,234,28111,135,4,127,67.65,263,56.7,2,4,254,89,222,66,203,168,270,103,188,241,230,1,285,29,234,17,262,1667,269,53.9,284,38.5,160,44.1,119
13211,東京都,小平市,194869,136,24118,141,122046,132,42139,171,3971,86,166779,160,82888,136,82768,136,47896,128,31095,126,11,34,72.94,245,34.3,24,8,170,129,155,93,146,534,127,131,148,394,153,7,183,47,148,41,129,3186,159,48.7,259,37.3,183,53.7,87
13212,東京都,日野市,186346,148,23438,147,116235,141,43709,164,2188,149,163592,163,84928,132,84823,131,46582,138,34270,118,7,68,74.79,241,34.9,23,7,191,124,161,89,153,240,225,98,201,378,162,5,236,41,176,28,186,2894,168,43.6,236,39.7,139,35.4,161
13213,東京都,東村山市,151255,182,18482,193,91302,179,38211,194,1959,164,119897,227,64604,171,64521,171,38630,170,22478,160,5,106,77.16,235,43.2,8,8,170,96,203,69,192,250,221,109,177,376,163,8,166,34,210,22,229,2341,217,50.9,270,35.0,210,25.8,202
13214,東京都,国分寺市,125170,223,14184,256,80666,211,25545,271,1624,187,104735,257,59130,191,59089,191,30180,227,26469,139,6,83,70.67,251,45.5,5,2,283,116,176,75,182,134,277,96,208,235,235,5,236,34,210,28,186,2307,222,51.6,273,38.5,160,58.2,73
13222,東京都,東久留米市,116916,243,14400,251,70159,240,31095,237,1558,194,92727,275,49902,231,49859,231,30693,221,16281,209,4,127,78.21,223,39.6,16,3,269,66,270,56,245,78,287,68,269,212,254,6,209,30,228,19,248,1931,252,52.1,279,35.0,210,40.5,134
13224,東京都,多摩市,148823,184,17296,211,90167,183,38786,189,1768,173,148156,181,65461,169,65406,169,39772,163,23104,155,8,54,71.17,249,35.0,22,6,210,112,181,67,201,427,143,111,173,432,142,6,209,35,204,21,233,2573,199,48.5,256,37.4,181,26.1,199
13229,東京都,西東京市,205125,128,24180,140,127840,128,45992,149,3007,108,157135,172,89734,128,89605,128,50660,125,34280,117,6,83,73.78,243,42.3,11,5,233,137,147,121,127,249,222,146,139,487,128,9,142,55,126,30,176,2870,171,52.2,280,36.7,191,43.4,122
14100,神奈川県,横浜市,3754772,1,468535,1,2368291,1,865490,1,68325,2,3416060,2,1645618,1,1635805,1,966951,1,588068,2,19,9,75.83,238,23.6,83,114,4,2977,2,2078,2,8442,2,3280,1,9565,2,142,1,840,1,665,1,54124,1,49.0,264,42.3,87,58.1,75
14130,神奈川県,川崎市,1514299,7,184135,7,972976,6,279482,9,25086,7,1302487,8,691837,8,689886,8,351736,6,294648,7,14,22,65.63,269,19.4,137,33,31,978,9,754,8,3352,12,1040,12,3520,10,52,12,403,7,300,4,23884,8,47.9,253,38.6,159,74.6,17
14150,神奈川県,相模原市,718300,21,88850,21,454821,20,171040,21,9617,34,636218,24,311188,21,310833,21,180796,17,110236,28,4,127,77.79,230,20.2,130,34,28,419,39,367,29,1714,31,477,36,1636,27,36,17,195,16,107,25,10185,32,36.8,207,38.4,167,23.1,214
14201,神奈川県,横須賀市,401050,58,46530,65,238148,57,120465,40,4088,82,370704,64,165746,61,165410,61,103846,52,48628,76,4,127,86.99,177,31.9,31,12,118,252,87,170,86,877,76,565,30,813,83,20,42,53,132,45,111,4116,121,34.4,196,29.2,259,11.8,255
14203,神奈川県,平塚市,256947,103,31632,103,158317,101,66456,100,3603,95,256896,110,107397,106,107268,106,64728,95,34711,115,5,106,88.26,169,25.4,63,7,191,185,115,135,114,344,172,165,123,639,102,8,166,44,164,39,138,3911,129,27.9,160,38.7,158,21.3,219
14204,神奈川県,鎌倉市,176408,153,20630,166,99173,166,52859,129,1141,221,167753,157,73035,155,72916,155,46647,137,21383,167,5,106,98.85,115,52.0,4,11,130,166,125,129,118,568,117,145,140,629,106,7,183,32,216,26,201,2424,211,52.9,283,41.8,92,16.1,236
14205,神奈川県,藤沢市,436206,46,57615,42,266893,46,99195,59,4243,77,395217,58,180170,52,179957,52,109416,45,60037,61,4,127,81.54,207,29.4,39,12,118,384,48,285,41,862,80,384,50,1189,51,14,82,80,80,59,75,6179,72,46.0,247,41.9,90,37.8,146
14206,神奈川県,小田原市,190580,141,22916,151,116258,140,53689,122,1608,188,190541,138,79120,141,79007,141,46460,140,24584,151,2,210,93.07,146,23.0,88,11,130,150,142,113,131,376,160,163,126,603,109,8,166,43,168,31,167,3230,156,28.1,161,41.0,110,16.0,237
14207,神奈川県,茅ヶ崎市,243884,110,32593,97,146393,113,59592,111,1365,201,189675,140,97951,118,97817,118,64777,94,27388,137,2,210,90.62,163,21.5,106,6,210,164,129,127,122,354,166,159,129,506,125,10,125,54,128,37,143,3351,150,48.7,259,46.0,43,13.2,251
14211,神奈川県,秦野市,161193,172,19964,175,102286,160,43707,165,2603,126,144786,184,69778,163,69615,163,40522,160,23545,154,1,248,87.51,173,21.4,108,5,233,100,195,81,167,218,241,111,173,291,196,7,183,51,139,24,217,2242,225,30.1,177,41.3,102,9.8,260
14212,神奈川県,厚木市,224378,124,28919,112,144236,115,51432,133,4584,70,260884,105,95824,120,95655,120,54991,114,33677,119,1,248,81.14,208,24.6,73,8,170,151,140,109,136,406,147,93,211,513,121,7,183,75,88,31,167,2875,169,25.7,142,43.0,77,7.2,265
14213,神奈川県,大和市,239192,111,29806,108,148510,109,53184,126,5328,60,196370,132,102020,111,101931,111,60113,105,36140,111,1,248,77.39,234,24.7,71,9,155,181,119,143,100,364,163,202,105,580,114,9,142,50,142,42,124,3290,155,47.2,252,39.8,133,50.9,90
14214,神奈川県,伊勢原市,100427,286,12718,282,63708,267,24405,276,1426,198,95740,270,43088,263,43033,263,24837,268,15110,224,1,248,85.63,186,18.6,152,3,269,60,280,52,260,656,109,87,225,284,201,4,261,19,272,12,280,1274,283,28.8,165,41.2,104,0.0,285
14215,神奈川県,海老名市,134442,209,17886,199,81594,207,30218,244,1960,163,123289,219,53416,215,53368,215,34571,185,15675,218,2,210,86.73,179,31.5,32,4,254,94,206,59,232,219,240,70,265,275,206,8,166,23,257,20,240,1783,262,38.4,221,44.0,61,11.6,256
14216,神奈川県,座間市,131698,215,15477,240,81751,205,30216,245,2108,157,107720,248,55910,202,55873,202,33580,193,19075,185,1,248,78.26,222,30.5,36,4,254,59,283,59,232,129,278,58,281,179,275,5,236,22,262,20,240,1454,277,40.8,226,38.4,167,15.7,239
15100,新潟県,新潟市,788465,17,98367,17,488815,16,217107,15,4062,83,822469,16,321511,18,321028,18,172370,20,103981,31,20,7,109.34,45,26.8,53,37,23,647,18,493,17,2352,21,1162,11,2027,19,61,7,253,12,224,8,21488,10,21.9,85,42.2,88,6.6,268
15202,新潟県,長岡市,268872,96,34453,88,160452,99,79166,82,1790,172,282007,97,100143,115,99930,115,52955,116,27159,138,9,47,127.61,12,24.5,75,10,145,180,120,124,125,587,114,181,121,486,129,17,59,138,30,86,46,7117,56,19.2,39,44.4,51,21.1,220
15222,新潟県,上越市,191197,140,25048,136,111997,148,58970,112,878,244,197284,131,71015,158,70809,160,37376,173,18682,186,4,127,133.66,9,25.6,60,7,191,140,146,91,149,382,159,131,148,376,163,16,66,64,108,62,73,5265,91,13.6,3,46.6,36,12.0,254
16201,富山県,富山市,415765,52,52626,52,245586,52,117978,42,4243,77,442901,48,163862,63,163515,63,91902,60,49401,74,27,1,122.4,17,23.8,80,38,21,335,59,193,74,1449,40,286,78,1482,35,23,31,115,45,92,36,10740,28,21.7,82,48.2,21,33.8,172
16202,富山県,高岡市,170493,159,19223,182,94740,174,53973,121,1919,167,172069,153,63814,173,63701,173,33820,191,16755,202,6,83,147.1,2,21.2,111,12,118,134,148,85,159,430,142,120,161,429,143,14,82,53,132,46,109,4721,105,20.8,66,43.4,71,37.1,149
17201,石川県,金沢市,452220,45,59946,39,282984,41,114346,44,3830,90,502567,40,199572,45,199185,45,104625,51,76931,45,8,54,102.59,88,11.7,243,37,23,415,41,222,63,1866,27,341,58,1497,34,19,50,147,29,103,31,11404,24,20.0,51,41.1,105,65.6,35
17203,石川県,小松市,108265,270,14691,248,60708,278,28772,253,1268,208,107511,249,38166,281,38087,281,22299,279,8873,280,3,167,144.0,4,14.4,210,10,145,72,260,45,281,214,243,65,275,202,262,7,183,42,173,33,159,3801,133,18.5,33,41.1,105,15.7,239
17210,石川県,白山市,113715,254,15721,237,65303,265,27915,258,651,262,105860,255,38439,280,38381,280,24470,270,7764,284,5,106,146.57,3,17.8,162,4,254,66,270,33,287,150,275,40,287,204,260,7,183,46,154,31,167,3710,138,20.8,66,49.6,11,29.6,184
18201,福井県,福井市,263152,99,34073,92,151638,104,72481,93,2714,122,292855,94,99872,116,99623,116,51152,121,30269,129,6,83,126.38,14,14.6,205,22,54,258,81,133,115,940,70,198,107,665,99,19,50,116,43,82,50,8113,47,20.5,58,42.7,82,43.3,123
19201,山梨県,甲府市,187880,145,23105,150,112961,147,53154,127,3966,87,220605,120,85057,130,84873,130,45689,141,32168,123,2,210,95.77,129,17.4,172,11,130,218,105,136,110,645,110,205,103,616,107,12,101,59,122,42,124,4244,114,19.9,49,37.6,178,37.0,150
20201,長野県,長野市,375884,62,49052,63,216734,67,106007,51,2683,123,391343,59,150414,67,150098,67,87365,67,44582,86,4,127,108.69,51,25.3,64,23,53,293,67,213,65,937,71,285,79,867,70,20,42,133,33,81,51,8340,45,21.2,76,46.5,39,43.3,123
20202,長野県,松本市,238737,112,32294,100,143259,116,64009,106,3086,105,259233,106,100173,114,99963,114,52885,117,34719,114,11,34,104.15,76,13.4,224,15,91,231,97,142,102,1254,50,226,94,781,86,9,142,84,73,51,94,5491,86,19.6,44,47.1,32,33.6,174
20203,長野県,上田市,156810,177,20150,174,89926,185,45685,152,2756,118,160128,168,62696,174,62550,175,36271,176,18658,187,4,127,110.25,42,26.9,52,11,130,101,192,76,178,263,213,118,166,380,160,10,125,57,124,40,133,3706,139,20.6,59,45.8,44,24.9,206
20205,長野県,飯田市,100702,283,13609,270,55546,287,31447,235,1716,178,106121,254,37694,282,37620,282,20252,285,10024,276,19,9,128.15,11,23.8,80,7,191,89,222,61,221,259,216,73,257,205,259,9,142,45,160,36,146,3091,161,16.5,18,41.1,105,35.9,158
21201,岐阜県,岐阜市,408804,53,50957,57,238415,56,110490,45,5825,55,420442,52,165443,62,165173,62,90851,61,54601,68,3,167,109.31,46,12.4,235,29,38,400,45,262,49,1659,34,432,45,1331,40,17,59,84,73,45,111,5498,85,23.8,121,43.9,63,21.8,218
21202,岐阜県,大垣市,161310,171,21667,161,95945,171,41486,174,3484,98,165373,162,60085,184,60000,183,35095,182,16268,211,3,167,115.91,19,20.3,127,7,191,125,159,92,147,395,152,158,131,323,179,8,166,32,216,31,167,3964,126,22.3,94,48.4,19,2.5,279
21204,岐阜県,多治見市,110308,265,13655,269,65654,262,30728,242,1235,211,97949,268,41446,271,41382,271,27611,246,8993,279,3,167,114.38,26,20.8,120,4,254,83,233,50,268,278,203,73,257,244,225,7,183,32,216,14,274,1710,267,24.8,135,48.9,17,29.3,188
21213,岐阜県,各務原市,147651,187,20266,172,85901,195,38131,195,2226,146,135235,196,53470,214,53408,214,33804,192,12483,253,2,210,113.2,31,27.6,48,5,233,107,186,63,210,212,245,97,205,285,199,7,183,23,257,16,266,1601,275,23.0,108,50.0,9,6.7,266
21214,岐阜県,可児市,102327,278,13756,266,59429,281,25000,273,4908,66,91820,276,37171,283,37140,283,24064,271,8593,283,3,167,109.43,44,15.4,193,4,254,65,273,39,284,118,281,53,284,113,286,4,261,17,278,10,283,1449,278,22.2,89,47.3,30,26.9,196
22100,静岡県,静岡市,698275,24,85299,23,415466,25,200229,17,6986,49,726136,22,286013,27,285626,27,162045,25,89061,38,13,23,93.89,142,14.2,214,24,49,541,27,349,31,1671,33,479,35,1761,23,39,16,188,19,138,17,12473,19,22.2,89,46.1,41,57.7,77
22130,静岡県,浜松市,802527,16,107411,15,473435,17,208355,16,16439,16,792639,17,309227,24,308765,25,175141,18,91670,35,23,4,101.0,102,19.2,143,28,40,642,19,381,26,2138,23,541,32,1720,25,50,13,152,28,110,23,12082,21,22.6,98,49.3,13,45.5,114
22203,静岡県,沼津市,194869,136,22389,155,115320,143,57076,116,2872,113,209378,123,80798,138,80661,138,44509,147,25730,142,2,210,96.55,126,24.9,69,8,170,152,138,129,118,372,162,162,127,464,135,9,142,37,193,32,164,2649,191,21.4,77,37.4,181,49.5,96
22206,静岡県,三島市,109445,268,14217,255,65811,261,29366,248,984,238,106724,251,45218,252,45159,252,26059,260,14059,234,2,210,94.29,138,13.9,216,5,233,92,212,60,224,160,271,74,254,280,203,6,209,25,248,19,248,1938,249,25.4,139,44.3,53,50.6,92
22207,静岡県,富士宮市,132299,213,17681,202,77294,215,34921,214,1355,202,124752,214,49004,234,48935,234,28524,242,12482,254,3,167,111.73,37,18.9,149,3,269,91,216,63,210,182,264,71,263,248,223,7,183,31,221,23,221,2370,213,21.1,74,39.4,147,27.3,195
22210,静岡県,富士市,253354,105,33258,95,148073,110,64166,105,3551,97,246540,113,92581,125,92438,125,54491,115,22848,158,4,127,104.93,69,12.9,229,10,145,177,122,130,117,387,155,159,129,526,119,12,101,61,112,43,121,4202,116,21.6,80,44.3,53,42.7,126
22211,静岡県,磐田市,169818,162,22848,152,99905,165,43711,163,5275,62,172149,152,61346,179,61263,179,35305,179,15782,215,5,106,109.84,43,14.8,203,6,210,118,172,68,195,301,190,99,197,274,208,12,101,31,221,24,217,2717,187,21.1,74,49.9,10,20.0,222
22212,静岡県,焼津市,139435,202,18420,195,81840,204,38648,191,2611,125,130877,204,50648,226,50583,225,29725,230,11976,257,2,210,109.29,47,22.5,92,4,254,80,248,56,245,239,226,70,265,365,168,5,236,18,276,13,277,1735,266,20.0,51,47.1,32,26.6,197
22213,静岡県,掛川市,117804,240,16060,227,69041,249,29096,251,2828,116,115883,234,41050,273,40993,273,23305,276,10170,273,3,167,115.22,21,19.1,144,3,269,82,238,49,273,221,236,64,278,218,251,9,142,28,238,17,262,2048,240,22.7,100,38.3,170,23.5,210
22214,静岡県,藤枝市,144662,190,19303,181,84051,200,39753,184,1190,216,131503,199,52315,219,52268,219,32503,203,11401,265,3,167,110.43,40,17.8,162,4,254,101,192,59,232,273,205,72,261,386,157,6,209,39,186,17,262,1665,270,23.4,115,52.4,4,23.4,212
23100,愛知県,名古屋市,2301639,3,282497,3,1429795,3,545210,3,56212,3,2589799,3,1058497,3,1056929,3,540668,3,446311,3,22,5,77.98,227,24.9,69,117,3,2090,3,1453,3,7084,3,2296,3,6252,3,77,3,550,3,402,3,40400,3,29.5,172,39.2,150,79.5,6
23201,愛知県,豊橋市,377429,61,52524,53,230340,62,89758,67,12075,29,363899,65,144222,75,144061,75,83831,72,42391,93,3,167,102.74,86,24.2,77,17,78,253,85,184,78,767,94,289,77,692,95,8,166,67,101,58,76,8790,40,24.6,133,49.1,16,45.0,116
23202,愛知県,岡崎市,387791,59,56430,43,240554,54,81907,77,7604,46,356372,68,147418,71,147213,71,87919,65,42998,90,2,210,101.7,95,19.7,134,12,118,232,96,164,90,536,126,265,82,639,102,9,142,61,112,53,89,7027,59,28.2,162,54.2,2,39.5,140
23203,愛知県,一宮市,385228,60,52948,50,227596,63,97058,63,4017,84,329012,81,142480,76,142312,76,90136,62,34843,113,5,106,108.01,56,15.0,201,14,98,247,89,173,84,755,97,259,83,638,104,13,91,103,56,66,68,8283,46,30.1,177,45.4,47,36.5,154
23204,愛知県,瀬戸市,129527,216,16575,217,75384,217,36066,209,2940,111,117110,231,50327,227,50247,227,32745,202,12982,247,2,210,99.46,110,14.6,205,7,191,70,262,58,237,283,200,92,215,273,209,4,261,25,248,21,233,1955,248,27.6,155,43.2,74,48.3,103
23205,愛知県,半田市,120078,231,16261,221,73218,229,26728,263,2173,151,116519,232,46281,242,46230,242,28263,244,13680,238,2,210,101.3,99,22.4,94,3,269,82,238,52,260,215,242,81,239,183,273,2,283,31,221,20,240,2467,210,22.7,100,44.2,58,42.4,128
23206,愛知県,春日井市,311338,82,43271,70,185242,85,75000,88,4787,67,279956,99,124291,89,124138,89,77725,77,36840,104,1,248,92.68,148,19.1,144,11,130,204,111,137,108,524,128,191,113,510,122,7,183,60,119,42,124,5358,88,33.5,192,46.1,41,39.3,141
23207,愛知県,豊川市,186802,147,26153,130,110203,149,45256,155,4155,80,172150,151,67976,165,67806,165,41430,159,17643,192,6,83,107.64,58,25.1,66,12,118,98,198,76,178,277,204,108,180,321,182,7,183,61,112,45,111,4936,98,23.9,124,50.9,6,35.9,158
23210,愛知県,刈谷市,152665,181,21942,159,98318,167,28303,255,3067,106,184404,143,62476,176,62433,176,34106,189,22990,157,3,167,91.07,158,18.4,157,6,210,87,226,60,224,348,168,112,171,263,214,3,276,23,257,15,272,2162,228,24.5,132,53.1,3,29.7,182
23211,愛知県,豊田市,425145,49,60357,38,272081,43,87315,71,12110,28,466836,45,169598,58,169460,58,93001,57,58587,63,2,210,104.74,71,19.7,134,12,118,231,97,152,94,697,105,253,86,655,100,10,125,83,76,75,54,7114,57,23.5,117,47.7,23,25.9,201
23212,愛知県,安城市,190228,142,28829,113,118563,136,35936,211,5048,65,192557,136,70862,160,70813,159,41610,158,21283,168,1,248,102.48,89,21.1,114,3,269,114,178,78,173,410,145,106,184,305,191,4,261,41,176,30,176,3229,157,26.8,151,48.5,18,40.2,137
23213,愛知県,西尾市,172350,157,24236,138,103106,158,40211,183,5241,63,161373,167,58951,195,58891,195,33046,200,14850,227,4,127,127.36,13,15.5,191,5,233,90,218,71,188,177,265,100,193,223,246,5,236,40,181,35,152,4516,112,23.0,108,48.2,21,25.6,204
23217,愛知県,江南市,100615,285,13334,275,58122,285,25805,270,1092,229,82753,284,37130,284,37091,284,23719,273,9106,278,1,248,108.19,54,25.5,61,2,283,68,267,55,248,226,233,91,218,191,269,4,261,21,266,18,254,1911,254,26.8,151,42.0,89,33.7,173
23219,愛知県,小牧市,153026,180,20267,171,89973,184,33816,223,5542,58,175868,147,59383,190,59332,189,35260,180,17581,193,1,248,95.92,127,35.6,20,2,283,94,206,68,195,263,213,109,177,224,245,5,236,40,181,21,233,2581,197,19.6,44,34.9,212,44.9,117
23220,愛知県,稲沢市,136702,204,18437,194,83165,202,34642,217,1972,161,131302,200,49986,228,49927,228,31094,215,11871,259,3,167,114.45,25,19.6,136,3,269,90,218,62,217,187,261,87,225,211,256,7,183,42,173,31,167,3389,147,30.3,180,47.7,23,29.6,184
23222,愛知県,東海市,115058,250,17325,209,69662,242,23735,279,1121,227,113290,240,46371,241,46348,240,27110,251,15872,213,1,248,94.43,137,21.4,108,2,283,71,261,50,268,171,269,77,247,144,285,4,261,35,204,18,254,2673,188,24.2,128,47.7,23,43.7,120
24201,三重県,津市,278105,91,35663,85,165058,96,77624,84,5714,56,288729,96,114679,101,114435,101,67025,87,36289,109,12,27,107.14,60,22.3,97,20,65,278,73,142,102,1082,62,223,96,746,87,23,31,77,83,55,83,5742,79,22.2,89,41.8,92,22.8,215
24202,三重県,四日市市,311551,81,41253,76,189755,83,75660,87,5703,57,322236,82,128309,88,128109,88,73658,80,42061,95,1,248,97.7,121,21.0,118,13,109,260,80,144,99,699,104,193,111,604,108,20,42,68,97,51,94,5295,89,24.3,129,42.9,80,28.2,192
24203,三重県,伊勢市,125462,222,15880,231,73987,225,37432,202,802,250,127958,210,50938,224,50834,224,30305,226,14586,229,2,210,111.77,35,25.1,66,4,254,131,152,77,177,399,150,114,168,249,221,10,125,43,168,31,167,2909,167,19.0,36,39.2,150,28.3,191
24204,三重県,松阪市,163477,170,21390,163,95765,172,45713,150,3109,104,155923,173,63948,172,63846,172,37654,171,17762,191,2,210,108.66,52,11.4,245,7,191,151,140,75,182,450,137,121,160,318,184,13,91,36,198,34,155,4036,125,23.8,121,43.5,70,19.1,225
24205,三重県,桑名市,142019,199,19309,180,84198,199,34590,218,2225,147,129743,208,53741,213,53661,213,33378,197,14272,233,3,167,114.93,22,60.3,1,10,145,92,212,66,203,253,219,97,205,286,198,5,236,31,221,25,208,2861,172,26.0,146,49.3,13,17.5,231
24207,三重県,鈴鹿市,199884,132,26758,125,117737,137,45500,153,4314,76,186057,142,77725,146,77629,146,45665,142,23088,156,2,210,104.99,67,21.8,104,7,191,153,137,82,165,402,149,119,163,384,158,12,101,46,154,41,129,4565,109,22.9,105,46.6,36,15.1,243
25201,滋賀県,大津市,343815,73,47815,64,207110,73,83118,76,3167,103,310543,85,136153,81,135957,81,86080,70,39153,101,4,127,103.31,79,15.8,188,13,109,288,69,136,110,1288,47,219,97,855,77,15,72,87,68,66,68,7305,55,35.1,197,45.1,49,57.8,76
25202,滋賀県,彦根市,112975,259,15979,228,70040,241,26223,266,1655,183,114609,238,45546,250,45473,250,25339,265,15044,225,1,248,113.78,28,16.6,178,3,269,93,209,54,255,197,254,76,250,232,240,6,209,35,204,27,194,2620,193,19.8,47,50.9,6,44.2,118
25203,滋賀県,長浜市,117892,239,16132,225,68787,252,31244,236,2391,138,116191,233,41788,268,41730,268,21953,280,10951,268,7,68,147.31,1,13.8,218,3,269,93,209,51,264,273,205,68,269,229,242,10,125,26,243,23,221,2833,174,18.1,30,47.5,28,21.1,220
25206,滋賀県,草津市,134926,208,19741,177,87537,189,26879,262,1437,197,146956,182,60224,181,60180,181,30822,220,24864,148,2,210,83.75,194,17.4,172,5,233,119,169,62,217,257,218,85,229,449,137,7,183,35,204,22,229,2985,165,26.3,148,46.9,34,55.0,83
25213,滋賀県,東近江市,114316,252,16495,219,69096,247,28095,256,2276,143,106440,252,40691,275,40584,275,22765,277,10573,270,7,68,124.5,15,19.3,139,7,191,73,258,41,283,188,260,64,278,163,284,6,209,25,248,20,240,2277,223,22.5,97,51.3,5,16.8,235
26100,京都府,京都市,1409702,8,162141,10,886422,8,381132,6,34608,5,1608216,6,705874,6,705142,6,339598,8,319562,6,20,7,75.7,240,13.6,221,97,7,1587,4,829,7,6604,5,1229,8,4281,7,59,8,498,4,251,6,27795,5,28.7,163,36.2,197,81.6,5
26204,京都府,宇治市,185878,150,24236,138,107970,151,49549,138,2106,158,162671,164,73317,153,73218,153,48354,127,19695,180,3,167,91.13,157,22.3,97,8,170,134,148,82,165,383,158,126,151,321,182,9,142,31,221,23,221,3704,140,29.3,169,39.7,139,73.2,20
27100,大阪府,大阪市,2730420,2,295298,2,1682798,2,668698,2,79568,1,3543449,1,1354793,2,1352413,2,608983,2,657205,1,25,2,62.05,275,9.5,259,178,1,3412,1,2224,1,9299,1,3062,2,11043,1,119,2,571,2,418,2,44693,2,29.3,169,29.7,253,75.8,13
27140,大阪府,堺市,834787,15,112964,14,495966,15,224064,14,10589,31,785324,18,350301,16,349878,16,216563,15,110797,27,12,27,83.23,199,18.6,152,40,19,736,15,468,18,1967,26,566,29,1743,24,33,20,154,27,116,22,15508,15,36.3,202,39.5,143,63.2,40
27202,大阪府,岸和田市,194162,138,26903,124,117058,139,50357,136,1644,185,175695,149,75247,150,75138,150,47637,131,20347,175,6,83,90.37,164,13.6,221,15,91,143,145,98,140,445,139,137,144,405,149,5,236,38,188,30,176,3696,141,27.6,155,33.9,224,46.3,111
27203,大阪府,豊中市,408464,54,53939,49,239768,55,99979,58,3894,88,349896,72,170325,57,170179,57,105821,48,56403,66,9,47,77.78,231,15.1,198,17,78,418,40,250,51,869,79,337,59,1368,38,13,91,89,66,76,52,6222,71,39.2,224,40.2,123,77.0,11
27204,大阪府,池田市,103613,275,13229,276,62134,274,26342,265,1133,223,94541,271,45777,246,45730,246,26544,256,16934,200,3,167,78.69,218,11.5,244,3,269,104,188,67,201,261,215,104,187,253,216,5,236,23,257,19,248,1642,273,37.4,212,44.2,58,37.5,148
27205,大阪府,吹田市,373557,63,51299,56,232245,61,84369,75,3974,85,362737,66,168473,59,168363,59,96298,55,65350,54,9,47,77.8,229,16.3,180,14,98,320,61,190,77,2369,20,668,24,1317,42,15,72,91,65,44,115,5118,96,37.1,210,43.0,77,73.4,18
27207,大阪府,高槻市,351503,69,45483,66,206532,74,96684,64,2464,132,309389,86,148048,70,147900,70,94844,56,45301,85,6,83,86.67,180,13.1,226,16,85,285,70,191,76,1387,44,237,91,1244,48,12,101,72,90,44,115,5222,93,44.8,239,39.8,133,37.7,147
27209,大阪府,守口市,143884,191,14704,247,79995,212,39163,186,1726,177,136585,193,64832,170,64762,170,34558,186,25101,147,0,287,71.78,247,20.1,132,6,210,144,144,79,171,542,122,108,180,372,166,5,236,43,168,24,217,2554,203,31.5,187,29.7,253,72.9,23
27210,大阪府,枚方市,401074,57,51925,55,233387,59,105394,53,3053,107,359078,67,167418,60,167201,60,106169,47,50354,71,8,54,86.3,182,20.2,130,24,49,279,72,208,67,1225,54,337,59,990,61,15,72,69,95,58,76,7539,53,41.0,227,36.3,195,61.3,44
27211,大阪府,茨木市,282362,88,40576,78,171442,90,64953,103,2359,141,258310,108,116683,98,116575,98,72676,82,37852,103,5,106,79.92,213,20.9,119,12,118,229,99,150,95,486,135,196,109,870,68,8,166,53,132,38,139,4554,110,37.9,217,47.5,28,61.4,43
27212,大阪府,八尾市,266349,97,34379,90,158364,100,72703,92,6002,54,253886,111,110414,105,110289,104,69859,84,32592,121,4,127,82.67,202,15.8,188,11,130,209,109,137,108,504,131,190,114,444,138,12,101,41,176,36,146,4630,107,31.0,184,33.4,227,58.2,73
27213,大阪府,泉佐野市,100420,287,12961,278,62181,273,24968,274,999,235,107084,250,41566,270,41477,270,24059,272,14048,235,3,167,89.28,168,7.0,263,10,145,83,233,46,279,258,217,66,273,221,249,3,276,17,278,17,262,2322,220,25.6,140,35.5,203,34.9,165
27214,大阪府,富田林市,111033,264,13698,268,69034,250,30821,240,895,243,99823,267,45613,247,45519,249,29884,228,12512,252,4,127,96.93,125,15.4,193,6,210,87,226,60,224,241,224,86,228,244,225,6,209,20,267,14,274,1743,264,36.8,207,41.8,92,40.9,131
27215,大阪府,寝屋川市,231700,118,25901,133,143006,117,68072,97,1849,168,210924,122,101549,112,101459,112,66920,88,28726,131,3,167,80.57,211,21.1,114,13,109,183,117,129,118,373,161,192,112,436,141,13,91,45,160,40,133,4238,115,36.5,205,32.7,235,68.0,31
27216,大阪府,河内長野市,104562,272,11696,285,61214,277,33289,226,357,285,90462,279,42144,267,42100,267,29316,233,9661,277,1,248,110.35,41,22.1,103,8,170,79,250,58,237,270,207,77,247,252,218,5,236,16,282,14,274,1276,282,42.0,231,44.4,51,36.6,153
27217,大阪府,松原市,119577,233,14556,250,70991,235,34335,221,993,237,109535,246,49958,229,49911,229,31114,214,15266,223,7,68,83.5,195,17.5,170,5,233,86,228,60,224,207,248,83,234,275,206,3,276,20,267,19,248,2031,243,35.2,198,30.1,251,52.7,89
27218,大阪府,大東市,120285,230,15638,239,74562,221,31077,238,2185,150,120542,226,51949,221,51899,221,31026,217,17263,197,3,167,78.64,219,6.0,265,5,233,82,238,59,232,198,252,74,254,198,264,5,236,25,248,21,233,2091,233,29.7,174,35.4,204,56.4,80
27219,大阪府,和泉市,186079,149,27802,117,114623,145,42145,170,1805,170,161475,166,71013,159,70916,157,47184,133,18155,188,3,167,94.15,139,13.8,218,12,118,119,169,88,156,510,130,117,167,360,169,6,209,30,228,26,201,3435,146,32.6,189,43.3,73,34.1,171
27220,大阪府,箕面市,138377,203,17971,198,75763,216,32778,229,1749,175,115249,236,56829,199,56754,199,33091,199,20135,177,6,83,90.88,160,12.6,233,9,155,108,184,83,162,285,197,99,197,392,155,5,236,25,248,21,233,1788,261,35.7,201,48.3,20,43.2,125
27222,大阪府,羽曳野市,111042,263,14371,253,66057,260,31843,233,686,260,96966,269,44126,256,44054,257,29049,235,11606,261,6,83,94.78,134,9.6,258,6,210,62,279,45,281,238,229,54,283,197,265,6,209,19,272,13,277,1906,255,29.6,173,41.4,100,35.1,163
27223,大阪府,門真市,121575,228,14182,257,74181,224,34289,222,2247,144,134737,197,55825,203,55780,203,30836,219,21498,166,2,210,70.99,250,12.5,234,5,233,117,175,75,182,187,261,108,180,291,196,6,209,24,255,18,254,2081,235,30.2,179,27.4,266,66.6,32
27227,大阪府,東大阪市,488618,38,59078,41,295365,37,134685,29,13564,25,522051,37,223485,35,223227,35,123967,35,84503,41,6,83,78.92,217,10.0,253,21,59,400,45,296,37,888,75,372,53,865,72,18,56,96,61,71,61,7714,52,27.2,153,31.0,244,62.9,41
28100,兵庫県,神戸市,1533588,6,185084,6,921967,7,411427,5,34751,4,1571625,7,705459,7,704497,7,388794,5,280073,8,11,34,77.86,228,14.5,209,99,6,1586,5,941,6,4943,7,1214,9,5145,5,69,4,465,6,227,7,23629,9,37.6,214,36.9,188,76.4,12
28201,兵庫県,姫路市,535982,32,75155,28,324094,34,134671,30,8842,40,538513,34,212801,38,212541,38,129135,30,62344,58,15,17,106.0,62,16.0,184,33,31,403,44,286,40,1160,58,403,46,1178,52,31,21,113,48,91,40,10781,27,23.2,111,45.5,46,49.5,96
28202,兵庫県,尼崎市,463262,44,50036,59,265526,47,121155,39,7626,45,435641,51,210433,41,210229,41,109810,42,86612,39,2,210,68.96,255,14.1,215,25,46,493,31,243,54,1200,55,335,61,1320,41,19,50,108,52,83,48,7024,60,35.2,198,34.5,217,88.6,1
28203,兵庫県,明石市,303961,85,39714,80,178803,88,74142,89,2756,118,262799,104,121890,93,121772,91,78488,76,36736,105,3,167,83.33,198,11.9,241,19,69,253,85,149,96,726,101,188,116,726,89,16,66,56,125,48,104,5411,87,36.4,204,40.7,115,75.7,14
28204,兵庫県,西宮市,484357,39,66025,33,293369,38,109205,48,4495,72,439258,49,210965,40,210770,40,124346,34,73855,47,11,34,82.15,205,14.6,205,22,54,515,29,280,44,1679,32,377,51,1365,39,14,82,106,54,58,76,6103,74,45.5,242,39.5,143,79.0,8
28207,兵庫県,伊丹市,203539,129,27762,118,121160,133,47286,144,2659,124,178195,145,78903,142,78843,142,52043,120,21824,164,3,167,82.9,201,17.8,162,9,155,175,124,110,134,451,136,135,145,477,132,5,236,36,198,27,194,2773,181,30.9,183,41.5,98,85.5,3
28210,兵庫県,加古川市,264364,98,36724,84,163163,97,66824,99,2215,148,236758,117,103495,109,103395,109,69163,85,26035,141,4,127,101.24,100,22.2,102,11,130,176,123,120,129,545,121,164,125,590,111,11,113,45,160,33,159,3884,131,27.4,154,46.7,35,40.2,137
28214,兵庫県,宝塚市,234044,116,29691,110,130976,126,59733,110,2132,154,179751,144,94140,122,94056,122,61708,102,27642,136,2,210,92.48,149,30.2,37,7,191,206,110,131,116,396,151,176,122,538,116,10,125,40,181,27,194,3088,162,41.5,228,45.2,48,64.2,37
28217,兵庫県,川西市,157432,176,20347,170,88809,187,47024,146,1006,234,124513,215,62675,175,62634,174,43602,151,15324,221,1,248,100.94,103,28.9,43,8,170,118,172,76,178,285,197,100,193,389,156,9,142,20,267,16,266,1406,280,37.6,214,45.0,50,58.7,68
28219,兵庫県,三田市,111934,261,14634,249,73966,226,23952,278,860,246,104106,261,41070,272,41034,272,28582,241,8845,281,3,167,113.54,29,15.2,196,6,210,81,242,50,268,239,226,58,281,324,178,5,236,20,267,11,282,1173,284,45.8,245,47.6,27,39.3,141
29201,奈良県,奈良市,356027,66,42796,71,212572,69,102416,56,2393,136,341656,77,148920,69,148701,69,92910,58,44520,87,4,127,99.41,111,19.8,133,22,54,386,47,192,75,945,69,285,79,808,84,22,35,67,101,50,99,5732,80,37.0,209,47.7,23,31.3,179
29205,奈良県,橿原市,121736,227,16143,224,74614,220,32188,231,840,247,115063,237,49923,230,49882,230,31085,216,14367,230,1,248,102.67,87,11.2,248,8,170,115,177,68,195,757,96,126,151,370,167,4,261,17,278,13,277,1936,250,29.1,167,44.0,61,62.2,42
29209,奈良県,生駒市,119483,234,17360,208,69444,245,30293,243,878,244,91375,278,45593,249,45547,247,32226,207,10098,275,3,167,106.73,61,21.8,104,6,210,94,206,63,210,306,188,76,250,272,210,5,236,26,243,18,254,2343,216,46.4,249,55.9,1,60.7,67
30201,和歌山県,和歌山市,366923,65,44519,67,211753,70,105954,52,2466,131,380419,60,153089,66,152798,66,91995,59,48369,77,2,210,97.85,120,6.2,264,34,28,435,35,232,59,1616,36,335,61,1172,53,20,42,74,89,57,80,6658,63,20.6,59,39.0,153,50.5,93
31201,鳥取県,鳥取市,186960,146,25742,134,115038,144,51027,135,1140,222,199960,128,75941,149,75723,149,39536,165,24839,149,4,127,111.77,35,25.0,68,10,145,164,129,98,140,516,129,125,153,402,150,11,113,77,83,48,104,6002,76,14.8,10,41.0,110,38.4,143
31202,鳥取県,米子市,147857,185,20163,173,86473,192,40569,178,948,240,155247,174,60037,185,59890,185,32330,204,19735,179,1,248,105.03,66,34.3,24,11,130,164,129,75,182,873,78,119,163,394,153,6,209,71,92,43,121,4082,123,18.2,31,39.9,129,36.0,157
32201,島根県,松江市,201981,131,26384,129,117497,138,56386,118,907,242,213717,121,83031,135,82781,135,42946,152,28524,134,4,127,103.11,83,29.4,39,8,170,220,103,81,167,568,117,142,141,408,147,17,59,80,80,68,63,6585,65,19.8,47,40.3,121,34.2,170
32203,島根県,出雲市,174995,155,23617,144,97382,168,49563,137,2391,138,168930,156,60130,183,59945,184,30378,225,15765,216,7,68,135.59,8,12.3,236,9,155,163,132,63,210,804,90,100,193,408,147,15,72,59,122,53,89,5910,78,18.2,31,44.3,53,15.9,238
33100,岡山県,岡山市,708973,22,97043,18,435475,23,175013,20,8425,43,745199,21,309409,23,308807,24,165013,23,117015,23,10,42,92.43,151,29.3,41,50,14,690,16,433,22,3081,15,944,17,2116,17,35,18,173,22,118,21,14253,16,23.3,113,43.2,74,47.5,107
33202,岡山県,倉敷市,482250,40,64463,36,270529,45,122037,37,3715,93,471594,44,189847,47,189550,47,109657,43,58541,64,6,83,102.99,85,45.3,6,32,34,348,54,226,61,1757,30,350,56,908,67,21,38,116,43,92,36,10864,25,24.3,129,39.1,152,24.6,207
33203,岡山県,津山市,100669,284,13991,260,59399,282,29663,246,575,267,106293,253,40303,276,40168,276,21568,282,12679,250,4,127,113.49,30,20.6,123,9,155,97,202,48,275,280,202,69,267,222,248,10,125,37,193,28,186,3127,160,16.7,21,35.9,200,10.7,258
34100,広島県,広島市,1195775,10,166427,8,730388,10,279311,10,14302,22,1211020,9,531605,10,530948,10,300982,10,201431,11,15,17,78.54,220,12.3,236,74,11,1180,8,707,10,3708,10,1289,6,3254,13,54,11,355,9,205,9,25721,7,25.0,138,43.9,63,73.0,21
34202,広島県,呉市,221502,125,25905,132,124928,129,76204,86,2370,140,225845,119,97412,119,97184,119,58027,111,32286,122,7,68,101.33,98,15.5,191,21,59,228,100,148,97,758,95,232,92,585,113,13,91,67,101,54,87,3840,132,26.1,147,39.7,139,49.8,95
34205,広島県,尾道市,136156,206,15945,229,74805,218,47146,145,1563,192,139167,189,57759,197,57643,197,33435,196,17870,190,5,106,109.0,48,16.0,184,10,145,126,158,71,188,348,168,101,192,381,159,11,113,38,188,30,176,2102,231,17.6,25,40.3,121,34.5,169
34207,広島県,福山市,468956,42,64496,35,271739,44,123441,35,5537,59,464897,46,185555,50,185180,50,107805,46,56044,67,7,68,104.36,73,42.9,9,37,23,343,57,236,56,997,67,318,70,1165,55,22,35,127,37,107,25,12023,22,21.0,72,40.0,127,41.0,129
34212,広島県,東広島市,188779,143,27521,120,119964,134,42209,169,4508,71,191425,137,84847,133,84675,133,44359,148,34290,116,7,68,91.59,154,10.4,251,14,98,134,148,83,162,393,153,110,176,332,174,7,183,63,110,54,87,4647,106,22.7,100,43.8,65,26.6,197
34213,広島県,廿日市市,117252,242,15070,244,67429,254,31871,232,803,249,103762,264,46039,243,45973,243,30398,224,11997,256,3,167,104.2,74,42.2,12,9,155,98,198,60,224,297,192,87,225,240,231,6,209,41,176,30,176,2755,184,31.4,186,44.3,53,48.6,100
35201,山口県,下関市,260897,100,31116,105,147954,111,88073,69,3370,100,264983,103,116298,99,115993,99,66529,91,39513,100,6,83,94.05,141,39.5,17,21,59,278,73,138,106,714,103,215,98,598,110,17,59,65,105,56,81,5288,90,21.4,77,37.7,177,41.0,129
35202,山口県,宇部市,164255,169,20513,168,96548,169,51303,134,1605,189,169768,155,73225,154,73077,154,41636,157,25513,143,2,210,98.99,113,28.6,45,14,98,166,125,85,159,842,85,148,138,497,126,7,183,33,214,27,194,2527,206,19.4,42,42.6,84,17.2,233
35203,山口県,山口市,191529,139,26118,131,116106,142,53325,124,1010,233,200470,127,84994,131,84767,132,46531,139,31325,125,7,68,98.51,118,29.5,38,13,109,166,125,91,149,431,141,119,163,528,118,10,125,49,144,34,155,3304,154,20.7,64,44.1,60,1.4,282
35206,山口県,防府市,115888,247,15331,242,66700,257,33582,224,775,251,114164,239,47573,238,47461,238,28438,243,14640,228,1,248,100.32,105,27.4,50,8,170,84,232,55,248,288,195,84,233,235,235,5,236,29,234,20,240,2019,245,17.0,22,37.2,184,8.5,264
35208,山口県,岩国市,133626,210,16187,223,73838,228,45401,154,1299,206,135718,194,59080,193,58927,194,34658,184,19574,181,8,54,107.58,59,24.6,73,15,91,121,166,64,208,294,193,94,210,314,185,11,113,32,216,28,186,1935,251,20.1,55,29.6,255,17.5,231
35215,山口県,周南市,142482,197,17992,197,81321,208,44114,161,1074,230,149470,180,61999,178,61890,178,36447,175,20470,174,5,106,101.07,101,31.3,33,13,109,129,155,68,195,348,168,91,218,375,165,5,236,38,188,26,201,2092,232,19.6,44,38.5,160,36.3,155
36201,徳島県,徳島市,253054,106,29732,109,151895,103,69378,95,1213,213,280361,98,115015,100,114765,100,58085,110,46270,82,2,210,93.52,144,14.4,210,40,19,290,68,174,83,1405,43,451,40,1451,36,12,101,95,63,67,66,5960,77,21.9,85,37.0,186,47.0,109
37201,香川県,高松市,427131,48,55082,47,240958,53,109369,47,2447,133,435901,50,182047,51,181690,51,101559,53,65082,55,5,106,94.1,140,18.8,150,31,36,415,41,236,56,1199,57,344,57,1172,53,26,27,107,53,76,52,8688,42,20.6,59,40.7,115,40.5,134
37202,香川県,丸亀市,112899,260,15054,245,63441,268,29572,247,1238,210,104968,256,43853,260,43731,259,26423,258,12838,249,3,167,108.57,53,10.9,249,9,155,88,225,55,248,242,223,98,201,243,227,7,183,36,198,27,194,2993,164,22.0,88,37.1,185,12.2,253
38201,愛媛県,松山市,511310,35,64925,34,303024,35,128658,32,2296,142,520193,38,230509,33,230058,33,123806,36,89157,37,5,106,86.07,183,20.5,125,38,21,484,32,258,50,1623,35,385,49,1260,45,20,42,112,49,72,60,6597,64,20.6,59,34.7,216,58.4,70
38202,愛媛県,今治市,158386,175,18816,187,86057,194,52636,130,1946,165,159932,169,67105,167,66974,167,39513,166,20966,171,4,127,116.12,18,16.3,180,29,38,114,178,87,157,318,180,113,169,285,199,12,101,46,154,34,155,2600,195,14.4,8,33.3,230,23.5,210
38205,愛媛県,新居浜市,118970,235,15812,233,66679,258,36715,207,750,253,122323,221,50653,225,50536,226,30693,221,15870,214,2,210,101.45,97,15.4,193,10,145,93,209,53,258,267,211,89,224,235,235,6,209,37,193,28,186,2659,190,16.2,15,33.5,225,22.6,217
38206,愛媛県,西条市,108961,269,13857,262,60473,279,32793,228,837,248,104594,259,44595,255,44510,255,27121,250,13184,245,4,127,111.56,38,9.9,255,9,155,89,222,55,248,195,255,64,278,184,272,8,166,38,188,30,176,2813,176,17.9,28,34.1,221,22.8,215
39201,高知県,高知市,327575,77,42364,73,197306,79,91788,65,1147,218,346494,73,153594,65,153246,65,81551,73,61584,59,8,54,83.49,196,17.7,167,56,12,266,79,197,70,1257,49,298,76,996,60,11,113,121,40,92,36,9336,38,20.9,70,30.8,246,18.4,228
40100,福岡県,北九州市,950602,13,119448,13,549397,14,277120,11,9388,35,983517,12,426325,13,425544,13,238689,13,157488,15,17,14,81.13,209,26.1,56,77,10,955,10,657,12,3314,13,1214,9,2245,16,56,9,246,14,156,15,15586,14,24.8,135,35.3,207,68.9,30
40130,福岡県,福岡市,1554229,5,199923,5,996401,5,312331,7,23662,9,1704218,5,764820,5,763824,5,348959,7,379499,4,12,27,66.41,268,8.1,261,103,5,1555,6,1024,5,6027,6,2178,4,4540,6,62,6,309,11,203,10,30301,4,26.4,149,36.6,192,79.5,6
40202,福岡県,大牟田市,113587,255,12726,281,62270,272,40542,179,395,281,122659,220,49398,233,49250,233,27038,253,16829,201,1,248,93.11,145,56.6,3,20,65,119,169,76,178,408,146,105,186,281,202,9,142,29,234,23,221,2336,218,15.4,12,28.9,261,38.1,144
40203,福岡県,久留米市,305311,84,41133,77,179398,87,76256,85,2064,160,303181,89,121913,92,121647,92,67035,86,40019,99,6,83,95.06,133,22.3,97,30,37,315,64,194,72,1815,29,305,74,868,69,8,166,77,83,73,57,8715,41,22.8,104,33.2,231,46.8,110
40205,福岡県,飯塚市,128184,218,16338,220,74512,222,37210,204,938,241,131091,203,54732,209,54506,209,29873,229,19514,182,5,106,90.71,162,26.1,56,11,130,130,153,75,182,542,122,122,157,338,173,13,91,48,145,26,201,2776,179,20.0,51,30.2,249,18.5,227
40217,福岡県,筑紫野市,104038,274,14927,246,62860,270,23028,281,426,277,88590,280,39350,278,39274,278,25900,262,10427,271,1,248,94.64,135,23.2,85,8,170,76,254,50,268,333,175,65,275,242,229,4,261,14,286,12,280,1899,256,36.3,202,42.7,82,57.2,79
40218,福岡県,春日市,113316,257,17497,205,70196,239,21576,284,457,274,86438,281,43720,261,43563,261,28686,239,11930,258,1,248,85.26,190,15.6,190,5,233,80,248,56,245,292,194,96,208,225,244,1,285,14,286,10,283,1655,271,30.0,176,42.5,86,79.0,8
40219,福岡県,大野城市,101156,281,15767,236,63103,269,20226,285,593,266,84244,283,39885,277,39840,277,25694,263,11578,262,1,248,83.44,197,19.3,139,7,191,65,273,55,248,126,279,90,222,171,281,1,285,15,284,15,272,2067,237,29.4,171,39.4,147,71.1,25
40230,福岡県,糸島市,101866,279,13109,277,57101,286,25900,267,556,268,78306,287,34739,286,34685,286,22394,278,7370,286,3,167,112.5,33,26.7,54,6,210,83,233,46,279,154,273,68,269,174,277,3,276,16,282,16,266,2367,214,31.7,188,39.0,153,39.7,139
41201,佐賀県,佐賀市,232476,117,32324,99,141105,118,60734,109,1130,225,253412,112,93306,124,93001,124,50929,124,30456,128,8,54,97.35,123,18.5,154,25,46,235,94,136,110,1148,59,231,93,725,90,10,125,77,83,47,107,4919,99,20.6,59,39.9,129,34.7,167
41202,佐賀県,唐津市,121278,229,17235,212,69052,248,35842,213,463,273,118547,228,43872,259,43712,260,23715,274,11465,264,2,210,114.66,24,17.8,162,15,91,98,198,57,240,281,201,85,229,239,232,7,183,51,139,40,133,3716,137,19.0,36,32.0,242,27.8,193
42201,長崎県,長崎市,416405,51,50265,58,249601,51,122974,36,3380,99,443743,47,189419,48,188591,48,104706,50,69504,50,3,167,85.03,193,14.4,210,37,23,545,26,273,45,1993,25,581,27,1282,43,31,21,120,41,107,25,9566,37,24.6,133,35.2,209,58.3,72
42202,長崎県,佐世保市,249681,107,33765,93,146170,114,73685,91,1318,204,258931,107,105011,108,104648,108,58842,108,35298,112,1,248,91.19,156,11.3,246,19,69,226,102,136,110,662,108,197,108,510,122,20,42,87,68,73,57,6258,70,21.0,72,36.5,193,43.7,120
42204,長崎県,諫早市,136679,205,18921,186,81661,206,37472,200,649,263,139340,188,51897,222,51708,222,31804,211,13441,240,4,127,101.82,94,15.2,196,16,85,130,153,65,205,387,155,98,201,277,205,6,209,60,119,51,94,3940,128,22.2,89,38.5,160,34.8,166
43100,熊本県,熊本市,733721,20,103433,16,452822,21,177325,19,3763,92,756852,20,315456,19,314740,19,172838,19,115557,25,6,83,87.49,174,24.1,78,78,9,618,20,391,25,3206,14,715,23,2093,18,29,25,248,13,172,13,19186,11,22.7,100,40.1,124,86.6,2
43202,熊本県,八代市,126667,219,15775,235,70779,238,40424,181,1181,217,127267,211,47972,237,47785,237,26193,259,13349,243,3,167,107.86,57,20.5,125,9,155,120,167,63,210,316,182,92,215,239,232,10,125,52,136,48,104,3906,130,15.9,14,32.6,236,57.3,78
44201,大分県,大分市,478393,41,66116,32,289224,39,116354,43,2127,155,486168,41,203515,43,203025,43,118169,39,69660,49,3,167,87.47,175,24.4,76,41,17,384,48,221,64,1237,52,321,68,1044,58,19,50,102,57,88,43,8665,43,20.8,66,38.3,170,47.8,104
44202,大分県,別府市,116821,244,13396,274,68889,251,38250,193,3665,94,121106,223,55624,204,55394,204,27248,247,23577,153,2,210,82.24,204,17.7,167,22,54,122,163,57,240,548,120,90,222,313,186,6,209,47,148,33,159,2518,207,14.3,7,28.0,264,72.8,24
45201,宮崎県,宮崎市,402632,55,56273,44,238073,58,100475,57,1239,209,407542,54,175408,56,174942,56,101121,54,62563,57,3,167,87.85,170,14.6,205,34,28,382,50,223,62,1507,38,324,65,937,65,22,35,157,25,124,20,10830,26,19.4,42,38.8,156,45.7,113
45202,宮崎県,都城市,164506,168,23235,149,93495,177,47626,143,737,254,171286,154,69965,162,69767,162,42730,155,22445,161,2,210,95.38,132,21.1,114,24,49,122,163,70,191,348,168,106,184,280,203,13,91,85,71,62,73,4201,117,16.5,18,32.5,238,14.4,247
45203,宮崎県,延岡市,122166,226,16510,218,69376,246,38904,188,200,287,126733,212,51751,223,51622,223,29671,231,16347,207,4,127,90.88,160,12.9,229,14,98,81,242,53,258,239,226,75,253,251,220,10,125,47,148,36,146,2556,202,16.2,15,32.5,238,28.9,189
46201,鹿児島県,鹿児島市,602465,28,80965,25,358756,30,145300,25,1670,182,608502,28,270269,29,269643,29,150125,27,105105,30,2,210,77.64,233,12.0,240,81,8,538,28,376,27,2510,18,731,22,1550,31,35,18,164,24,137,18,12298,20,22.2,89,34.8,215,53.7,87
46203,鹿児島県,鹿屋市,102875,277,15792,234,58792,284,28344,254,367,284,104691,258,44911,254,44720,254,27178,248,15404,220,1,248,87.54,172,13.9,216,14,98,70,262,49,273,237,231,65,275,196,266,8,166,47,148,38,139,3069,163,13.8,4,23.2,273,6.7,266
46218,鹿児島県,霧島市,125469,221,18511,192,74757,219,31662,234,380,283,126382,213,54334,211,54166,211,32184,208,19153,184,2,210,93.87,143,17.4,172,14,98,99,196,60,224,220,237,82,236,171,281,9,142,42,173,37,143,2729,185,14.6,9,33.1,233,17.8,230
47201,沖縄県,那覇市,322011,79,49811,61,200177,78,63513,108,2978,109,349980,71,135532,83,135265,83,72956,81,51519,69,8,54,65.37,271,16.9,175,17,78,276,76,184,78,809,89,239,90,654,101,6,209,118,42,93,34,8596,44,23.7,119,23.0,274,84.8,4
47208,沖縄県,浦添市,115340,249,20910,164,72626,231,19476,286,724,256,117401,230,44041,258,43961,258,27027,254,13382,242,1,248,74.09,242,19.0,147,8,170,83,233,55,248,288,195,92,215,230,241,2,283,52,136,28,186,3318,153,23.8,121,23.0,274,66.2,34
47211,沖縄県,沖縄市,142634,195,25466,135,88084,188,24933,275,1314,205,136976,192,53325,217,53194,217,31897,210,16331,208,1,248,78.08,226,10.0,253,7,191,76,254,58,237,313,185,77,247,220,250,4,261,54,128,44,115,3779,134,22.6,98,19.1,277,42.6,127
47213,沖縄県,うるま市,124457,224,20632,165,73870,227,23623,280,688,259,112585,241,42378,266,42269,266,25920,261,11241,266,3,167,85.6,187,13.1,226,3,269,50,286,37,285,268,210,49,286,102,287,5,236,45,160,36,146,3326,152,22.4,96,15.9,282,27.5,194
